,WBZ,BEZEICHNUNG,A,B,Beteiligung,Müller_CDU,Reimann_SPD,Krause_Grüne,Gürtas_Linke,Schramm_FDP,Hanker_AFD,Deutsch_MLPD,Rosenbaum_BIBS,CDU,SPD,Grüne,Linke,FDP,AFD,Sonstige,es_gewinner,zs_gewinner,gewichtung_zs,gewichtung_es,gewichtung_beteiligung
0,11201,Altes Pfarrhaus Bevenrode,1212,802,66.17,36.07,35.56,6.31,4.54,4.79,8.7,0.13,3.91,34.47,23.14,9.06,6.79,11.45,9.69,5.4,Müller_CDU,CDU,2,2,1
1,11211,Ev. Gemeindezentrum Waggum,1325,820,61.89,32.35,37.27,6.27,5.29,6.64,8.36,0.12,3.69,31.16,29.31,9.48,7.02,9.98,8.74,4.3100000000000005,Reimann_SPD,CDU,3,5,2
2,11212,Ev. Gemeindezentrum Waggum,1150,680,59.13,37.41,37.56,5.22,4.47,5.22,6.56,0.15,3.43,31.93,28.04,10.19,6.3,13.64,6.75,3.149999999999995,Reimann_SPD,CDU,2,5,2
3,11221,Gemeinschaftshaus Bienrode,1356,804,59.29,35.94,39.22,4.67,5.3,5.67,8.07,0.25,0.88,34.22,30.68,6.44,6.31,9.97,8.71,3.67,Reimann_SPD,CDU,2,5,2
4,11231,IGS Querum,876,534,60.96,38.48,36.76,6.67,4.0,6.67,6.1,0.0,1.33,35.15,21.05,13.16,6.77,14.1,6.02,3.7499999999999982,Müller_CDU,CDU,2,2,2
5,11232,IGS Querum,929,443,47.69,39.13,32.49,8.24,5.26,7.55,6.41,0.0,0.92,33.41,17.73,12.73,9.55,16.14,8.18,2.2599999999999945,Müller_CDU,CDU,2,2,3
6,11241,IGS Querum,912,521,57.13,35.8,39.3,7.39,6.03,3.89,6.23,0.0,1.36,31.26,26.41,13.2,8.74,8.54,7.57,4.280000000000001,Reimann_SPD,CDU,3,5,2
7,11242,IGS Querum,1286,731,56.84,32.37,38.29,7.71,9.09,4.13,7.02,0.0,1.38,29.81,26.92,11.68,10.44,8.38,7.01,5.759999999999998,Reimann_SPD,CDU,3,5,2
8,11243,IGS Querum,1172,645,55.03,27.47,42.7,8.48,7.06,4.08,8.79,0.31,1.1,24.57,33.33,12.05,8.61,7.04,9.39,5.010000000000009,Reimann_SPD,SPD,4,4,2
9,11251,Grundschule Gliesmarode,1324,737,55.66,30.25,44.14,5.86,5.59,3.13,9.81,0.0,1.23,30.64,30.78,10.94,6.02,7.8,10.67,3.1500000000000004,Reimann_SPD,SPD,5,4,2
10,11252,Grundschule Gliesmarode,1220,688,56.39,35.86,35.42,7.0,5.25,7.29,7.87,0.29,1.02,30.03,25.07,11.66,7.87,13.41,9.48,2.4799999999999933,Müller_CDU,CDU,3,2,2
11,11253,Grundschule Gliesmarode,1125,621,55.2,29.2,40.62,9.95,6.53,5.22,7.67,0.16,0.65,30.91,24.76,14.89,8.41,8.58,8.09,4.359999999999998,Reimann_SPD,CDU,3,5,2
12,11254,Grundschule Gliesmarode,1323,701,52.99,32.24,39.09,8.13,6.85,4.99,6.56,0.43,1.71,32.0,22.43,14.57,10.57,9.0,7.57,3.8599999999999994,Reimann_SPD,CDU,2,5,2
13,11261,Ev. Pfarramt Riddagshausen,426,233,54.69,35.62,33.05,11.59,7.3,4.29,6.01,0.0,2.15,32.62,21.03,16.31,9.87,9.87,5.58,4.719999999999995,Müller_CDU,CDU,2,2,2
19,11301,Grundschule Hondelage,1114,728,65.35,37.67,39.75,3.74,3.46,6.65,7.62,0.0,1.11,33.2,30.57,6.36,4.15,12.45,7.19,6.079999999999999,Reimann_SPD,CDU,2,5,1
20,11302,Grundschule Hondelage,995,587,58.99,34.54,37.97,4.81,5.84,6.7,9.79,0.17,0.17,32.07,29.83,7.24,6.72,9.14,11.38,3.6200000000000063,Reimann_SPD,CDU,2,5,2
21,11303,Grundschule Hondelage,989,584,59.05,33.45,41.25,4.51,4.51,5.2,9.36,0.0,1.73,29.29,32.41,6.76,6.93,9.01,11.61,3.9900000000000144,Reimann_SPD,SPD,5,4,2
23,11401,Ev. Gemeindezentrum Dibbesdorf,1199,787,65.64,36.53,37.8,6.77,4.73,6.51,6.9,0.13,0.64,35.29,26.62,10.57,6.5,9.04,7.64,4.340000000000004,Reimann_SPD,CDU,2,5,1
24,11411,IGS Volkmarode,1463,876,59.88,38.28,37.93,7.47,3.45,5.52,5.98,0.23,1.15,35.17,24.94,12.76,5.98,10.92,6.55,3.6800000000000024,Müller_CDU,CDU,2,2,2
25,11412,IGS Volkmarode,1625,880,54.15,36.23,36.8,7.54,4.0,6.29,7.43,0.23,1.49,35.43,25.14,10.74,4.57,11.2,8.8,4.11999999999999,Reimann_SPD,CDU,2,5,2
26,11421,Feuerwehrhaus Schapen,1318,748,56.75,41.32,35.13,4.71,5.11,6.59,6.33,0.0,0.81,35.08,20.56,12.23,7.66,15.59,6.45,2.4299999999999953,Müller_CDU,CDU,2,1,2
29,12001,Gymnasium Neue Oberschule,1225,624,50.94,25.4,36.41,12.3,13.27,5.02,4.53,0.65,2.43,22.29,24.07,16.48,13.41,10.02,5.82,7.910000000000011,Reimann_SPD,SPD,6,5,3
30,12002,Grundschule Heinrichstraße,1128,636,56.38,25.2,41.89,12.13,11.5,2.99,4.41,0.16,1.73,22.8,23.27,21.86,11.48,10.06,5.35,5.180000000000007,Reimann_SPD,SPD,6,4,2
31,12003,Gymnasium Neue Oberschule,1229,658,53.54,21.8,42.84,12.5,12.65,3.66,5.49,0.3,0.76,21.92,22.37,22.53,13.24,7.46,5.48,6.999999999999989,Reimann_SPD,Grüne,7,4,2
32,12004,IGS Franzsches Feld,1324,764,57.7,27.14,42.95,11.59,7.25,6.06,2.64,0.4,1.98,22.44,23.62,24.15,10.5,12.73,3.41,3.1499999999999986,Reimann_SPD,Grüne,7,4,2
33,12005,Grundschule Heinrichstraße,1239,759,61.26,26.16,41.88,15.06,7.27,3.43,4.36,0.13,1.72,22.82,24.14,24.8,11.21,8.71,5.28,3.0400000000000036,Reimann_SPD,Grüne,7,4,2
34,12006,Grundschule Heinrichstraße,1272,762,59.91,23.4,41.49,14.36,11.44,3.32,4.79,0.27,0.93,22.91,20.4,21.46,14.97,10.07,5.56,4.630000000000005,Reimann_SPD,CDU,3,4,2
35,12011,Grundschule Bültenweg,1268,656,51.74,23.08,36.77,13.69,14.0,5.38,4.31,0.46,2.31,18.84,20.83,21.13,13.17,11.49,4.59,9.950000000000001,Reimann_SPD,Grüne,7,5,3
36,12012,Grundschule Heinrichstraße,1335,662,49.59,24.54,44.48,9.66,8.28,6.6,5.37,0.0,1.07,24.05,24.05,18.11,12.63,10.2,6.24,4.720000000000004,Reimann_SPD,CDU,3,4,3
37,12021,Grundschule Heinrichstraße,1490,794,53.29,26.96,40.25,13.29,8.23,5.82,4.68,0.25,0.51,23.71,22.32,23.33,10.21,11.85,4.79,3.789999999999993,Reimann_SPD,CDU,3,5,2
38,12022,"BBS V,  Gebäude A",1488,748,50.27,28.98,36.79,10.51,8.63,7.01,5.93,0.27,1.89,25.75,22.49,17.89,10.3,12.2,7.05,4.320000000000005,Reimann_SPD,CDU,3,5,3
39,12031,Grundschule Comeniusstraße,1357,820,60.43,25.25,42.52,13.6,9.8,4.66,2.08,0.49,1.59,25.43,21.64,21.39,11.0,10.02,2.69,7.829999999999993,Reimann_SPD,CDU,3,4,2
40,12032,Grundschule Comeniusstraße,1163,695,59.76,26.08,37.61,14.55,11.67,3.89,3.89,0.14,2.16,22.37,21.21,19.48,15.44,10.25,4.33,6.92,Reimann_SPD,CDU,3,5,2
41,12033,Grundschule Comeniusstraße,1078,646,59.93,24.29,41.07,11.91,10.97,3.45,6.27,0.16,1.88,20.41,24.33,19.94,12.24,9.89,6.12,7.070000000000005,Reimann_SPD,SPD,6,4,2
42,12034,Grundschule Comeniusstraße,950,530,55.79,22.24,44.87,11.41,10.27,2.47,6.27,0.76,1.71,21.17,27.6,17.58,14.18,6.05,6.24,7.179999999999998,Reimann_SPD,SPD,5,4,2
43,12035,Christophorusschule,1074,618,57.54,20.03,47.39,10.75,11.07,4.89,4.07,0.16,1.63,20.45,29.71,17.21,14.61,7.31,4.71,5.999999999999997,Reimann_SPD,SPD,5,4,2
44,12036,Christophorusschule,1359,728,53.57,23.72,42.02,11.79,11.65,4.85,4.99,0.28,0.69,22.76,23.45,18.9,13.66,9.93,4.83,6.4699999999999935,Reimann_SPD,SPD,6,4,2
45,12037,Christophorusschule,1303,627,48.12,23.15,43.41,11.58,11.09,3.7,5.79,0.48,0.8,21.63,27.24,15.22,15.87,9.13,6.09,4.820000000000013,Reimann_SPD,SPD,5,4,3
52,13101,Helene-Engelbrecht-Schule,987,438,44.38,29.49,32.72,8.99,10.6,8.29,6.68,0.69,2.53,24.19,20.28,13.13,11.52,12.44,8.53,9.909999999999998,Reimann_SPD,CDU,3,6,3
53,13102,Helene-Engelbrecht-Schule,1216,577,47.45,27.45,37.06,8.92,11.36,4.02,9.09,0.35,1.75,22.16,26.88,12.57,15.36,8.9,8.55,5.580000000000007,Reimann_SPD,SPD,6,5,3
54,13103,Helene-Engelbrecht-Schule,1333,534,40.06,27.5,34.46,8.47,14.12,5.08,8.85,0.19,1.32,23.64,24.39,10.32,14.82,9.94,9.19,7.700000000000001,Reimann_SPD,SPD,6,5,3
55,13104,AOK Braunschweig,1201,497,41.38,30.57,33.6,9.51,10.73,6.28,7.69,0.4,1.21,27.07,21.62,14.34,11.72,11.92,8.69,4.640000000000001,Reimann_SPD,CDU,3,5,3
56,13111,Realschule Georg-Eckert-Straße,1243,630,50.68,31.89,37.82,10.1,6.25,6.57,5.93,0.16,1.28,27.11,24.08,14.19,9.89,13.88,6.06,4.790000000000004,Reimann_SPD,CDU,3,5,3
57,13112,Realschule John-F.-Kennedy-Platz,1351,623,46.11,29.22,31.98,10.55,10.71,8.77,6.98,0.32,1.46,25.73,21.36,13.43,14.56,10.36,7.28,7.279999999999995,Reimann_SPD,CDU,3,6,3
58,13113,Gymnasium Martino-Katharineum,1225,605,49.39,27.24,35.88,8.64,11.46,7.14,6.98,0.5,2.16,22.26,24.09,9.8,16.28,14.12,7.14,6.309999999999994,Reimann_SPD,SPD,6,5,3
59,13114,Gymnasium Martino-Katharineum,1111,575,51.76,36.68,28.57,7.05,12.35,6.0,8.29,0.35,0.71,30.23,20.56,10.02,10.72,12.65,8.79,7.029999999999999,Müller_CDU,CDU,3,2,3
60,13115,Gymnasium Martino-Katharineum,1188,530,44.61,33.21,39.85,7.21,7.78,4.74,6.45,0.19,0.57,29.79,27.13,11.2,10.25,9.49,8.54,3.600000000000014,Reimann_SPD,CDU,3,5,3
64,13201,"Wilhelm-Gymnasium,  Abt. Leonhardstraße",1292,736,56.97,26.68,42.54,12.04,8.21,4.51,4.38,0.41,1.23,23.63,19.95,23.5,11.2,12.3,5.05,4.370000000000002,Reimann_SPD,CDU,3,4,2
65,13202,"Wilhelm-Gymnasium,  Abt. Leonhardstraße",1159,614,52.98,23.93,40.26,12.87,12.05,4.79,4.79,0.17,1.16,19.67,24.75,17.21,15.74,10.49,5.9,6.239999999999995,Reimann_SPD,SPD,6,5,2
66,13203,Begegnungsstätte des Caritasverbandes,1232,656,53.25,28.88,38.1,8.6,9.06,5.07,8.91,0.15,1.23,27.19,23.5,15.21,10.6,9.52,10.45,3.530000000000001,Reimann_SPD,CDU,3,5,2
67,13204,Begegnungsstätte des Caritasverbandes,937,556,59.34,29.01,39.46,11.17,9.55,4.86,4.32,0.18,1.44,25.18,22.64,19.02,11.96,10.14,5.8,5.259999999999995,Reimann_SPD,CDU,3,5,2
68,13205,Altenpflegeheim St. Hedwig,1027,539,52.48,27.5,33.9,9.98,10.73,8.66,6.78,0.75,1.69,23.6,20.22,18.16,12.73,11.99,6.93,6.37000000000001,Reimann_SPD,CDU,3,5,3
69,13211,Internationale Schule Braunschweig-WOB,669,327,48.88,23.82,38.56,8.78,13.79,4.08,9.4,0.0,1.57,19.63,30.53,9.66,13.71,7.17,10.28,9.020000000000005,Reimann_SPD,SPD,5,5,3
70,13212,Internationale Schule Braunschweig-WOB,714,352,49.3,26.51,41.21,10.09,6.63,5.76,7.2,0.58,2.02,27.71,28.0,11.14,9.71,11.14,7.43,4.86999999999999,Reimann_SPD,SPD,5,4,3
71,13221,Landesbildungszentrum f. Hörgeschädigte,786,405,51.53,40.05,31.59,7.21,5.22,7.96,7.71,0.0,0.25,34.9,18.07,10.15,6.44,19.31,7.92,3.2099999999999955,Müller_CDU,CDU,2,1,3
72,13231,Hans-Würtz-Schule,1014,441,43.49,20.09,44.16,5.61,14.95,3.5,11.21,0.0,0.47,19.81,36.36,6.99,13.52,4.66,10.49,8.169999999999996,Reimann_SPD,SPD,4,4,3
73,13232,Hans-Würtz-Schule,1086,550,50.64,20.81,37.75,8.1,14.92,4.97,11.42,0.0,2.03,16.91,29.23,10.29,16.73,7.54,11.95,7.350000000000001,Reimann_SPD,SPD,5,5,3
77,21101,Grundschule Stöckheim,1222,694,56.79,34.21,42.5,4.95,4.51,4.22,9.02,0.0,0.58,31.44,28.82,10.92,6.99,10.63,9.32,1.8799999999999972,Reimann_SPD,CDU,2,4,2
78,21102,Grundschule Stöckheim,1217,760,62.45,38.06,36.74,7.43,5.17,5.57,6.63,0.13,0.27,34.22,24.67,12.2,6.76,11.41,7.03,3.709999999999998,Müller_CDU,CDU,2,2,2
79,21103,Grundschule Stöckheim,1320,800,60.61,31.53,43.47,6.28,5.03,4.15,8.04,0.0,1.51,28.68,29.56,10.82,7.55,11.32,8.81,3.259999999999989,Reimann_SPD,SPD,5,4,2
80,21104,Grundschule Stöckheim,1293,799,61.79,38.66,38.4,6.72,2.03,6.84,6.34,0.0,1.01,35.06,25.35,12.11,4.54,13.37,7.57,1.9999999999999982,Müller_CDU,CDU,2,2,2
81,21111,Kirchliches Gemeindezentrum Leiferde,1507,977,64.83,32.23,44.18,4.74,5.36,4.02,8.86,0.0,0.62,30.1,33.51,6.08,7.01,8.45,11.55,3.3000000000000114,Reimann_SPD,SPD,4,4,1
84,21201,Grundschule Heidberg,1038,580,55.88,36.0,35.3,5.04,6.78,6.61,10.09,0.17,0.0,32.99,27.43,7.64,6.94,7.47,11.63,5.89999999999999,Müller_CDU,CDU,2,2,2
85,21202,Grundschule Heidberg,1075,595,55.35,25.47,40.92,4.41,8.32,4.41,14.6,0.17,1.7,25.47,34.19,5.3,10.09,5.47,13.85,5.630000000000008,Reimann_SPD,SPD,4,4,2
86,21203,Grundschule Heidberg,834,461,55.28,28.17,40.83,6.33,6.11,5.68,12.23,0.22,0.44,30.18,31.5,8.37,6.83,7.93,12.78,2.4099999999999984,Reimann_SPD,SPD,5,4,2
87,21204,Grundschule Heidberg,915,506,55.3,33.87,41.33,2.42,6.25,5.04,10.69,0.0,0.4,33.2,33.4,3.82,7.44,7.65,12.07,2.4199999999999964,Reimann_SPD,SPD,4,4,2
88,21205,Grundschule Heidberg,1153,564,48.92,32.36,37.66,5.12,5.48,4.94,13.35,0.37,0.73,29.69,32.79,4.19,6.38,6.19,15.12,5.640000000000006,Reimann_SPD,SPD,4,5,3
89,21206,Grundschule Heidberg,1176,643,54.68,28.59,42.02,4.42,7.27,5.21,10.74,0.32,1.42,27.16,36.26,6.75,7.69,5.97,11.3,4.8700000000000045,Reimann_SPD,SPD,4,4,2
90,21211,Grundschule Melverode,1024,565,55.18,37.25,35.47,7.66,6.06,5.53,7.13,0.18,0.71,32.8,21.57,13.9,8.56,11.05,8.56,3.5600000000000005,Müller_CDU,CDU,2,2,2
91,21212,Grundschule Melverode,958,546,56.99,26.67,45.19,5.0,7.59,3.89,11.48,0.0,0.19,24.44,35.74,6.85,10.56,6.67,11.48,4.259999999999996,Reimann_SPD,SPD,4,4,2
92,21213,Grundschule Melverode,1005,610,60.7,30.91,38.84,4.79,6.45,4.96,12.07,0.17,1.82,27.53,29.35,7.46,8.96,10.28,12.6,3.819999999999995,Reimann_SPD,SPD,5,5,2
95,21301,Internationale Schule Braunschweig-WOB,287,146,50.87,35.62,42.47,6.85,4.11,4.79,5.48,0.0,0.68,35.62,30.82,10.27,5.48,9.59,6.16,2.059999999999995,Reimann_SPD,CDU,2,4,3
96,21311,Grundschule Rautheim,1341,763,56.9,26.33,41.76,8.11,5.72,4.39,11.97,0.0,1.73,25.2,32.06,8.18,8.05,7.78,12.4,6.329999999999993,Reimann_SPD,SPD,5,4,2
97,21312,Grundschule Rautheim,1444,851,58.93,28.23,42.94,8.07,6.05,4.86,8.9,0.24,0.71,24.64,29.74,14.93,7.94,9.24,8.65,4.860000000000003,Reimann_SPD,SPD,5,4,2
98,21321,Grundschule Lindenbergsiedlung,1005,588,58.51,24.87,40.48,4.63,9.61,5.15,13.89,0.17,1.2,23.88,33.68,6.7,11.17,7.04,12.37,5.160000000000002,Reimann_SPD,SPD,4,5,2
99,21322,Grundschule Lindenbergsiedlung,933,611,65.49,39.17,33.06,7.11,5.29,6.94,7.11,0.5,0.83,33.17,18.88,10.34,8.37,15.27,9.2,4.770000000000003,Müller_CDU,CDU,2,2,1
100,21331,Grundschule Mascheroder Holz,1230,765,62.2,30.25,42.01,6.47,6.34,4.89,8.72,0.13,1.19,30.45,29.4,9.58,7.35,9.06,9.84,4.3199999999999985,Reimann_SPD,CDU,3,4,2
101,21332,Grundschule Mascheroder Holz,1025,616,60.1,25.04,47.63,7.04,7.36,4.26,7.53,0.16,0.98,24.27,33.71,11.24,10.59,7.49,7.82,4.880000000000001,Reimann_SPD,SPD,4,4,2
102,21341,Kirchengemeinde Mascherode,984,557,56.61,42.83,33.76,4.54,5.63,5.08,6.9,0.0,1.27,35.99,21.16,12.3,7.78,11.93,7.59,3.249999999999993,Müller_CDU,CDU,2,1,2
103,21342,Bürgerhaus Mascherode,1013,622,61.4,37.22,40.45,5.66,4.53,5.83,4.69,0.32,1.29,36.19,27.14,10.18,5.65,11.63,5.65,3.5600000000000023,Reimann_SPD,CDU,2,5,2
104,21343,Bürgerhaus Mascherode,1101,622,56.49,37.8,40.55,5.98,4.52,4.36,6.3,0.0,0.48,33.87,25.16,12.74,5.65,12.26,7.58,2.7399999999999984,Reimann_SPD,CDU,2,5,2
108,22101,Wilhelm-Bracke-Gesamtschule,1285,631,49.11,31.29,38.55,3.55,8.87,5.16,10.81,0.0,1.77,30.32,32.9,6.13,10.16,5.16,12.1,3.2300000000000093,Reimann_SPD,SPD,4,5,3
109,22102,Wilhelm-Bracke-Gesamtschule,1114,516,46.32,30.24,36.17,3.95,6.32,2.77,18.97,0.2,1.38,32.08,30.89,3.37,6.34,3.17,19.8,4.350000000000005,Reimann_SPD,CDU,2,5,3
110,22103,Wilhelm-Bracke-Gesamtschule,1239,476,38.42,24.36,41.31,4.03,9.53,4.24,15.68,0.42,0.42,23.13,36.4,4.71,11.99,4.07,14.78,4.9200000000000035,Reimann_SPD,SPD,4,4,3
111,22104,Wilhelm-Bracke-Gesamtschule,1207,608,50.37,32.55,41.57,4.34,4.84,5.51,9.85,0.0,1.34,33.33,33.0,6.67,6.17,8.0,10.67,2.1599999999999984,Reimann_SPD,CDU,2,4,3
112,22105,Wilhelm-Bracke-Gesamtschule,1169,690,59.02,37.76,38.2,1.92,7.96,2.95,9.88,0.0,1.33,33.82,32.06,4.56,8.82,6.18,11.62,2.9400000000000066,Reimann_SPD,CDU,2,5,2
113,22111,Grundschule Ilmenaustraße,1135,494,43.52,22.66,39.71,3.12,12.27,3.95,16.42,0.42,1.46,21.95,32.92,4.55,12.84,5.8,16.15,5.789999999999999,Reimann_SPD,SPD,4,5,3
114,22112,Grundschule Ilmenaustraße,1322,610,46.14,30.08,34.12,3.7,8.91,4.87,16.97,0.17,1.18,28.26,29.78,3.38,10.32,6.6,16.07,5.589999999999989,Reimann_SPD,SPD,5,5,3
115,22113,Grundschule Ilmenaustraße,1312,682,51.98,28.51,39.73,3.69,7.24,4.28,15.81,0.44,0.3,27.81,32.25,4.73,9.91,6.21,15.83,3.2599999999999927,Reimann_SPD,SPD,5,5,3
116,22114,Grundschule Ilmenaustraße,1248,671,53.77,27.2,44.22,3.5,4.26,3.5,16.57,0.0,0.76,25.49,35.96,4.25,6.53,6.53,18.21,3.030000000000001,Reimann_SPD,SPD,4,4,2
117,22115,Grundschule Altmühlstraße,1134,570,50.26,26.16,40.21,3.2,8.01,5.69,15.84,0.0,0.89,23.27,32.86,6.57,9.24,6.75,17.23,4.080000000000002,Reimann_SPD,SPD,4,5,3
118,22116,Grundschule Altmühlstraße,1127,521,46.23,27.34,42.77,3.91,6.05,2.93,16.21,0.0,0.78,25.05,36.79,4.31,8.81,6.26,15.07,3.710000000000001,Reimann_SPD,SPD,4,4,3
119,22121,Realschule LebenLernen,1189,444,37.34,22.53,40.0,4.37,11.26,2.99,17.7,0.46,0.69,18.04,36.07,5.94,11.19,4.11,18.95,5.7000000000000135,Reimann_SPD,SPD,4,5,3
120,22122,Realschule LebenLernen,919,396,43.09,26.41,42.56,4.36,10.0,1.54,13.59,1.03,0.51,27.65,35.92,4.39,11.63,3.62,12.92,3.8699999999999886,Reimann_SPD,SPD,4,4,3
121,22123,Realschule LebenLernen,1134,450,39.68,22.94,41.28,4.13,8.72,3.67,18.35,0.23,0.69,20.18,34.47,4.99,10.88,4.31,18.14,7.0299999999999905,Reimann_SPD,SPD,4,4,3
125,22201,Grundschule Timmerlah,844,509,60.31,32.8,41.55,5.17,6.16,3.78,8.95,0.0,1.59,31.94,32.94,8.53,6.75,7.14,9.33,3.3700000000000028,Reimann_SPD,SPD,4,4,2
126,22202,Grundschule Timmerlah,911,604,66.3,31.72,40.07,3.84,5.34,4.67,12.35,0.33,1.67,30.12,27.29,8.99,7.65,9.65,12.65,3.649999999999997,Reimann_SPD,CDU,3,5,1
127,22211,Ev. Gemeindehaus Stiddien,175,132,75.43,46.92,30.77,3.85,4.62,2.31,5.38,0.0,6.15,44.7,24.24,8.33,6.06,6.06,5.3,5.31,Müller_CDU,CDU,1,1,1
128,22221,Schützenheim Geitelde,925,592,64.0,42.71,35.76,2.88,5.42,4.07,6.27,0.34,2.54,41.05,25.51,6.08,7.26,9.97,6.59,3.540000000000001,Müller_CDU,CDU,1,1,2
130,22301,Gemeinschaftshaus Broitzem,1282,715,55.77,32.42,38.88,4.3,6.17,4.59,12.34,0.0,1.29,30.33,29.04,8.44,9.3,6.58,12.45,3.860000000000003,Reimann_SPD,CDU,3,5,2
131,22302,Gemeinschaftshaus Broitzem,1276,821,64.34,35.87,34.52,5.16,4.79,3.69,14.62,0.12,1.23,33.83,26.81,7.26,5.17,7.26,16.36,3.3100000000000023,Müller_CDU,CDU,2,2,1
132,22303,Grundschule Broitzem,976,589,60.35,35.09,40.2,6.13,4.94,4.94,7.16,0.17,1.36,35.95,29.13,10.73,5.79,7.16,8.52,2.7200000000000024,Reimann_SPD,CDU,2,5,2
133,22304,Grundschule Broitzem,1131,664,58.71,32.41,37.63,5.38,5.22,6.14,12.44,0.0,0.77,29.92,27.18,9.62,7.79,9.47,13.74,2.280000000000003,Reimann_SPD,CDU,3,5,2
135,22401,Grund- und Hauptschule Rüningen,1122,620,55.26,29.73,41.03,5.01,7.59,3.72,12.44,0.16,0.32,26.61,31.61,7.1,8.23,8.06,12.74,5.65,Reimann_SPD,SPD,5,4,2
136,22402,Grund- und Hauptschule Rüningen,1180,626,53.05,25.77,42.95,2.76,9.24,6.0,12.16,0.32,0.81,23.34,36.14,6.32,9.56,6.32,13.29,5.029999999999994,Reimann_SPD,SPD,4,4,2
138,31001,Otto-Bennemann-Schule,1377,576,41.83,22.73,35.84,9.62,13.81,6.99,8.74,0.17,2.1,19.93,25.35,12.76,13.29,10.49,8.57,9.609999999999992,Reimann_SPD,SPD,6,5,3
139,31002,Grundschule Diesterwegstraße,1591,700,44.0,25.11,34.78,10.53,12.7,6.93,6.78,0.87,2.31,23.6,24.32,11.8,14.82,9.5,7.48,8.48,Reimann_SPD,SPD,6,5,3
140,31003,Grundschule Diesterwegstraße,1042,472,45.3,28.09,38.3,7.23,10.85,4.89,9.15,0.64,0.85,25.8,28.57,8.1,13.22,8.96,10.02,5.330000000000002,Reimann_SPD,SPD,5,5,3
141,31011,Otto-Bennemann-Schule,1213,547,45.09,27.94,37.13,9.56,9.19,6.07,7.54,0.0,2.57,24.82,20.4,17.83,12.32,12.13,7.54,4.960000000000009,Reimann_SPD,CDU,3,5,3
142,31012,Otto-Bennemann-Schule,1305,680,52.11,26.92,35.5,9.76,13.91,5.47,6.8,0.15,1.48,23.97,23.68,12.79,15.74,10.59,7.35,5.880000000000001,Reimann_SPD,CDU,3,5,3
143,31013,Grundschule Diesterwegstraße,1160,575,49.57,25.7,39.96,7.22,12.5,3.7,7.75,0.53,2.64,22.38,26.92,12.24,13.11,6.64,8.74,9.97,Reimann_SPD,SPD,5,5,3
144,31014,Grundschule Bürgerstraße,1183,487,41.17,22.02,33.33,11.93,13.58,7.0,8.85,1.23,2.06,19.79,22.89,14.85,16.29,9.69,8.45,8.04000000000001,Reimann_SPD,SPD,6,6,3
145,31015,Grundschule Bürgerstraße,1304,678,51.99,25.45,35.33,11.23,12.57,6.29,6.14,0.15,2.84,22.84,21.79,14.78,15.22,9.85,6.57,8.949999999999998,Reimann_SPD,CDU,3,5,3
146,31016,Seniorenzentrum Tuckermannstraße,1259,639,50.75,21.78,38.63,8.59,15.9,6.36,5.56,0.64,2.54,19.27,30.25,11.62,16.56,8.28,5.57,8.450000000000008,Reimann_SPD,SPD,5,5,3
147,31021,Oswald-Berkhan-Schule,1417,782,55.19,28.52,39.35,7.1,7.23,6.19,10.19,0.52,0.9,28.0,28.52,10.58,7.74,8.77,11.1,5.2900000000000045,Reimann_SPD,SPD,5,5,2
148,31022,Oswald-Berkhan-Schule,1345,696,51.75,29.19,38.15,6.21,11.13,5.06,9.1,0.14,1.01,26.26,24.82,11.26,14.14,9.81,10.53,3.179999999999996,Reimann_SPD,CDU,3,5,3
149,31031,Grundschule Bürgerstraße,1132,481,42.49,28.81,35.49,8.77,12.32,6.89,6.47,0.0,1.25,22.92,22.92,13.96,13.75,13.96,6.46,6.029999999999995,Reimann_SPD,CDU,3,5,3
150,31032,Hochschule f. Bildende Künste,1274,637,50.0,21.19,42.86,11.72,10.91,3.37,7.54,0.64,1.77,19.02,29.32,14.58,12.68,6.18,7.92,10.300000000000006,Reimann_SPD,SPD,5,4,3
151,31033,Hochschule f. Bildende Künste,1055,549,52.04,27.02,34.93,9.74,12.5,5.88,7.54,0.37,2.02,23.9,23.71,14.89,14.34,8.64,7.9,6.619999999999992,Reimann_SPD,CDU,3,5,3
152,31034,Hochschule f. Bildende Künste,1149,545,47.43,22.01,38.06,8.58,11.01,5.22,13.43,0.19,1.49,20.04,27.27,11.32,11.32,9.09,14.29,6.670000000000012,Reimann_SPD,SPD,5,5,3
153,31041,Agentur für Arbeit - BIZ,1159,572,49.35,21.91,35.34,9.72,17.84,5.12,8.13,0.71,1.24,19.93,22.75,11.82,19.93,8.99,7.23,9.34999999999999,Reimann_SPD,SPD,6,5,3
154,31042,Hauptschule Sophienstraße,1160,653,56.29,19.6,41.84,9.02,14.77,3.42,8.71,0.78,1.87,17.96,26.93,15.33,15.63,8.05,8.51,7.589999999999991,Reimann_SPD,SPD,5,4,2
155,31043,Hauptschule Sophienstraße,1536,746,48.57,23.1,36.41,10.6,13.72,5.57,7.88,0.54,2.17,20.86,23.28,16.29,14.54,9.83,7.94,7.260000000000001,Reimann_SPD,SPD,6,5,3
156,31044,Begegnungsstätte Frankfurter Straße,1186,582,49.07,21.47,33.16,8.9,18.5,3.66,11.17,0.52,2.62,19.06,23.92,9.53,18.89,7.11,12.31,9.179999999999994,Reimann_SPD,SPD,6,6,3
157,31045,Agentur für Arbeit - BIZ,954,420,44.03,15.66,30.84,13.73,21.45,5.54,9.88,1.2,1.69,11.51,21.58,15.11,18.71,9.59,9.59,13.909999999999997,Reimann_SPD,SPD,6,6,3
158,31051,Grundschule Gartenstadt,749,469,62.62,31.97,43.78,6.87,6.87,3.22,5.58,0.0,1.72,31.4,33.98,11.61,6.88,5.38,6.88,3.87,Reimann_SPD,SPD,4,4,2
159,31052,Grundschule Gartenstadt,728,404,55.49,25.51,37.37,9.09,9.6,3.54,13.38,0.0,1.52,25.31,26.82,9.52,9.52,7.77,14.04,7.019999999999996,Reimann_SPD,SPD,6,5,2
166,32101,Wichernhaus Kanzlerfeld,878,527,60.02,41.14,38.67,5.33,2.48,5.9,5.71,0.0,0.76,35.29,27.51,8.73,4.55,14.04,7.97,1.9100000000000028,Müller_CDU,CDU,2,1,2
167,32102,Wichernhaus Kanzlerfeld,1055,674,63.89,35.49,42.71,6.17,3.91,4.96,5.86,0.15,0.75,32.63,27.54,10.93,6.59,11.53,8.23,2.550000000000006,Reimann_SPD,CDU,2,4,2
168,32103,Wichernhaus Kanzlerfeld,1271,779,61.29,43.04,33.89,6.31,2.84,6.83,5.8,0.0,1.29,39.25,19.05,12.61,5.79,14.41,6.82,2.070000000000004,Müller_CDU,CDU,1,1,2
169,32111,Grundschule Lehndorf,1173,653,55.67,29.17,43.83,8.33,8.02,4.94,4.32,0.46,0.93,25.62,30.56,14.2,11.27,8.64,5.09,4.619999999999994,Reimann_SPD,SPD,5,4,2
170,32112,Grundschule Lehndorf,1320,701,53.11,28.57,41.99,8.08,6.2,6.49,6.78,0.14,1.73,26.95,29.54,13.98,7.78,7.93,7.64,6.179999999999997,Reimann_SPD,SPD,5,4,2
171,32113,Grundschule Lehndorf,1082,579,53.51,31.4,38.6,5.44,9.3,6.14,8.42,0.0,0.7,28.85,26.92,7.87,9.97,10.66,10.49,5.240000000000007,Reimann_SPD,CDU,3,5,2
172,32114,Grundschule Lehndorf,1121,563,50.22,24.73,44.48,7.3,6.76,4.8,9.79,0.53,1.6,24.64,30.36,13.39,8.57,7.14,10.89,5.009999999999998,Reimann_SPD,SPD,5,4,3
173,32115,Grundschule Lehndorf,1045,632,60.48,24.56,45.93,7.97,5.26,5.26,9.25,0.48,1.28,25.48,31.05,13.38,7.17,10.83,8.6,3.489999999999995,Reimann_SPD,SPD,5,4,2
174,32121,Grundschule Lamme,1146,733,63.96,35.44,34.75,5.77,6.18,7.01,9.48,0.14,1.24,34.34,23.67,8.62,6.7,10.67,11.35,4.649999999999999,Müller_CDU,CDU,2,2,2
175,32122,Grundschule Lamme,1272,811,63.76,37.64,34.04,6.71,5.22,4.22,10.56,0.12,1.49,34.57,21.73,10.62,7.65,9.38,11.36,4.690000000000005,Müller_CDU,CDU,2,2,2
176,32123,Grundschule Lamme,868,592,68.2,33.51,32.99,6.19,6.19,6.53,12.89,0.0,1.72,31.63,20.24,9.35,8.33,10.88,13.44,6.130000000000008,Müller_CDU,CDU,2,2,1
177,32131,Grundschule Völkenrode,1369,763,55.73,39.18,34.0,5.84,4.91,5.98,8.23,0.0,1.86,35.44,19.37,9.75,7.64,11.99,9.22,6.589999999999996,Müller_CDU,CDU,2,2,2
178,32141,Grundschule Watenbüttel,1173,692,58.99,37.94,34.88,4.51,5.67,6.83,7.99,0.44,1.74,33.87,28.18,6.42,7.45,10.22,9.49,4.369999999999994,Müller_CDU,CDU,2,2,2
179,32142,Grundschule Watenbüttel,959,602,62.77,31.88,39.93,6.04,7.38,4.87,8.22,0.34,1.34,31.61,29.95,9.15,8.99,9.48,7.15,3.6699999999999964,Reimann_SPD,CDU,2,5,2
180,32151,Pfarramt Ölper,1108,658,59.39,35.94,39.17,6.61,6.3,4.76,5.84,0.15,1.23,28.64,26.47,13.0,9.13,12.54,5.73,4.489999999999998,Reimann_SPD,CDU,3,5,2
185,32201,Kindertagesstätte Veltenhof,1144,623,54.46,32.64,37.46,5.47,6.43,5.63,10.77,0.48,1.13,28.5,33.49,6.76,7.57,8.7,10.63,4.35,Reimann_SPD,SPD,4,5,2
186,32202,Kindertagesstätte Veltenhof,1137,672,59.1,38.98,35.98,4.8,5.4,5.7,7.95,0.3,0.9,35.18,25.0,7.49,6.89,11.98,9.28,4.179999999999991,Müller_CDU,CDU,2,2,2
187,32211,Grundschule Rühme,1173,643,54.82,27.39,40.53,4.23,6.57,6.42,13.46,0.16,1.25,25.67,30.36,6.73,9.08,9.23,13.93,4.9999999999999964,Reimann_SPD,SPD,5,5,2
188,32212,Grundschule Rühme,1094,580,53.02,27.23,37.87,5.06,10.3,4.54,12.91,0.7,1.4,26.22,29.2,5.94,10.84,6.64,13.81,7.35,Reimann_SPD,SPD,5,5,2
190,32301,Gemeinschaftshaus Harxbüttel,555,362,65.23,42.94,29.36,6.65,3.32,6.65,6.93,0.55,3.6,35.18,22.99,9.7,6.37,15.79,6.65,3.319999999999995,Müller_CDU,CDU,2,1,1
191,32311,Gemeinschaftshaus Thune,1335,788,59.03,34.53,35.69,6.93,3.85,4.62,9.24,0.0,5.13,30.87,28.44,9.82,7.14,9.44,10.46,3.8299999999999965,Reimann_SPD,CDU,3,5,2
192,32321,Lessinggymnasium Wenden,1130,657,58.14,31.91,42.29,3.97,5.8,5.04,9.16,0.46,1.37,29.05,33.64,5.96,6.27,10.4,9.17,5.510000000000002,Reimann_SPD,SPD,4,4,2
193,32322,Lessinggymnasium Wenden,995,557,55.98,33.87,36.94,7.03,5.95,6.13,8.29,0.18,1.62,33.81,27.52,9.17,5.94,10.43,7.55,5.579999999999999,Reimann_SPD,CDU,2,5,2
194,32323,Lessinggymnasium Wenden,1037,597,57.57,31.07,37.86,4.75,8.83,4.07,12.56,0.17,0.68,28.19,29.19,7.89,9.9,7.05,12.75,5.030000000000005,Reimann_SPD,SPD,5,5,2
197,33101,Grundschule Am Schwarzen Berge,927,496,53.51,27.37,45.27,6.38,5.97,4.73,8.44,0.21,1.65,23.57,34.43,9.84,7.79,9.84,8.2,6.3300000000000125,Reimann_SPD,SPD,4,4,2
198,33102,Grundschule Am Schwarzen Berge,1029,548,53.26,32.72,38.05,5.15,6.25,6.8,9.56,0.0,1.47,29.91,28.26,8.62,6.42,12.11,9.17,5.51,Reimann_SPD,CDU,3,5,2
199,33103,Grundschule Am Schwarzen Berge,941,516,54.84,35.62,41.68,3.52,3.52,5.68,9.0,0.0,0.98,32.68,35.02,4.47,5.25,8.37,10.7,3.5099999999999927,Reimann_SPD,SPD,4,4,2
200,33104,Grundschule Am Schwarzen Berge,803,359,44.71,28.49,39.32,4.27,6.84,4.56,15.67,0.28,0.57,23.8,30.31,4.25,10.48,8.5,17.28,5.379999999999999,Reimann_SPD,SPD,5,5,3
201,33111,Nibelungenschule,1081,593,54.86,20.17,40.69,9.14,12.76,4.66,8.62,1.21,2.76,18.57,28.62,12.27,13.63,9.37,8.86,8.680000000000007,Reimann_SPD,SPD,5,5,2
202,33112,Nibelungenschule,975,432,44.31,19.39,47.9,7.01,10.05,3.5,9.11,0.23,2.8,18.74,38.41,7.49,12.65,7.49,10.07,5.1500000000000075,Reimann_SPD,SPD,4,4,3
203,33113,Nibelungenschule,878,366,41.69,20.83,45.83,8.06,10.83,2.78,10.83,0.28,0.56,19.28,32.51,11.85,12.95,6.61,9.64,7.16,Reimann_SPD,SPD,5,4,3
204,33114,Nibelungenschule,1139,535,46.97,22.01,39.28,8.54,11.57,4.74,10.63,0.76,2.47,18.87,29.43,9.06,14.53,7.55,11.51,9.049999999999992,Reimann_SPD,SPD,5,5,3
205,33115,Grundschule Isoldestraße,882,431,48.87,23.52,40.14,6.41,8.79,7.13,11.64,0.24,2.14,23.58,27.59,8.96,10.38,8.96,12.74,7.789999999999994,Reimann_SPD,SPD,5,5,3
206,33116,Grundschule Isoldestraße,892,378,42.38,20.59,41.44,5.88,10.7,5.35,12.83,0.53,2.67,20.69,31.03,7.69,10.34,7.16,12.2,10.890000000000004,Reimann_SPD,SPD,5,4,3
207,33121,Grund- und Hauptschule Pestalozzistraße,1346,707,52.53,23.86,36.29,16.86,9.57,5.86,5.14,0.29,2.14,21.76,20.63,22.19,11.38,10.53,5.55,7.96,Reimann_SPD,Grüne,7,5,3
208,33122,Grund- und Hauptschule Pestalozzistraße,1174,513,43.7,21.34,38.54,14.43,9.49,6.32,8.1,0.79,0.99,16.99,22.27,16.8,12.7,10.55,9.38,11.310000000000011,Reimann_SPD,SPD,6,5,3
209,33123,Haus der Kulturen,906,426,47.02,23.22,36.49,7.82,16.11,6.87,5.69,0.71,3.08,20.05,20.52,12.5,17.69,13.21,5.42,10.610000000000005,Reimann_SPD,SPD,6,5,3
210,33124,Gymnasium Neue Oberschule,1132,603,53.27,30.82,38.02,10.55,6.87,4.36,7.87,0.34,1.17,28.55,23.54,15.19,10.52,10.52,8.51,3.170000000000007,Reimann_SPD,CDU,3,5,2
211,33125,Haus der Kulturen,1122,621,55.35,25.65,36.69,12.5,11.69,3.73,6.49,0.49,2.76,25.53,22.29,16.48,11.47,9.37,6.79,8.070000000000004,Reimann_SPD,CDU,3,5,2
212,33126,Grundschule Bültenweg,1380,735,53.26,25.58,39.12,11.49,9.99,5.2,6.98,0.82,0.82,21.1,22.88,18.77,12.88,11.92,7.26,5.190000000000012,Reimann_SPD,SPD,6,5,2
218,33201,Grundschule Schunteraue,1164,611,52.49,28.1,44.63,5.79,3.8,4.3,11.57,0.33,1.49,26.61,31.9,10.25,7.77,6.94,12.89,3.6400000000000006,Reimann_SPD,SPD,5,4,3
219,33202,Grundschule Schunteraue,1340,637,47.54,25.52,41.2,7.29,8.4,5.39,10.14,0.48,1.58,21.84,30.54,10.28,10.76,7.59,11.08,7.909999999999998,Reimann_SPD,SPD,5,4,3
220,33211,Astrid-Lindgren-Schule,614,398,64.82,18.69,42.42,9.85,11.87,3.54,9.6,0.0,4.04,18.88,30.87,13.52,17.35,5.36,9.69,4.330000000000004,Reimann_SPD,SPD,5,4,1
221,33212,Astrid-Lindgren-Schule,750,474,63.2,20.04,44.35,9.38,11.51,2.13,8.1,0.85,3.62,20.13,27.41,16.27,15.2,5.57,8.78,6.640000000000013,Reimann_SPD,SPD,5,4,2
